model,benchmark,score
CheMeleon,tdcommons/ld50-zhu,0.5363596582980538
Chemprop,tdcommons/ld50-zhu,0.6096163785344694
CheMeleon,tdcommons/ld50-zhu,0.5211747007363543
MolCLR,tdcommons/ld50-zhu,0.7126868291643217
Chemprop,tdcommons/ld50-zhu,0.5629254353069001
MoLFormer,tdcommons/ld50-zhu,0.6340916558208906
MolCLR,tdcommons/ld50-zhu,0.6834652028935526
CheMeleon,tdcommons/ld50-zhu,0.5151310881490797
Chemprop,tdcommons/ld50-zhu,0.6090741500957731
RF,tdcommons/ld50-zhu,0.6356208455343109
MoLFormer,tdcommons/ld50-zhu,0.7918124510477296
RF,tdcommons/ld50-zhu,0.6347080493293167
Chemprop,tdcommons/ld50-zhu,0.6174325002656094
RF,tdcommons/ld50-zhu,0.6342932411020118
MoLFormer,tdcommons/ld50-zhu,0.6321416836191416
fastprop,tdcommons/ld50-zhu,0.6094365377477767
CheMeleon,tdcommons/ld50-zhu,0.5439187263126142
RF,tdcommons/ld50-zhu,0.6368702812342935
fastprop,tdcommons/ld50-zhu,0.6484098774331832
RF,tdcommons/ld50-zhu,0.6369438630511572
MoLFormer,tdcommons/ld50-zhu,0.6346225908918859
minimol,tdcommons/ld50-zhu,0.5851394358674954
CheMeleon,tdcommons/ld50-zhu,0.5178606170969178
fastprop,tdcommons/ld50-zhu,0.6384410723478449
minimol,tdcommons/ld50-zhu,0.6160829477819925
minimol,tdcommons/ld50-zhu,0.612571405144925
fastprop,tdcommons/ld50-zhu,0.6445508438834319
minimol,tdcommons/ld50-zhu,0.6133413447688494
minimol,tdcommons/ld50-zhu,0.5971656458458494
MolCLR,tdcommons/ld50-zhu,0.700898935225723
fastprop,tdcommons/ld50-zhu,0.6312499563877896
MolCLR,tdcommons/ld50-zhu,0.7003956752442863
MolCLR,tdcommons/ld50-zhu,0.6814152598981121
MoLFormer,tdcommons/ld50-zhu,0.6212541171526876
Chemprop,tdcommons/ld50-zhu,0.5900371637105619
CheMeleon,tdcommons/ames,0.8543617458732303
minimol,tdcommons/ames,0.8504905128355752
fastprop,tdcommons/ames,0.846313810726664
CheMeleon,tdcommons/ames,0.8406224911394389
Chemprop,tdcommons/ames,0.8301591963813664
fastprop,tdcommons/ames,0.8419001742740214
RF,tdcommons/ames,0.8485049638724079
minimol,tdcommons/ames,0.8587244708139967
MoLFormer,tdcommons/ames,0.8574810550431768
MolCLR,tdcommons/ames,0.8004513501341323
Chemprop,tdcommons/ames,0.8244649395915329
fastprop,tdcommons/ames,0.8515870684759835
MolCLR,tdcommons/ames,0.79457204957998
Chemprop,tdcommons/ames,0.8388014255223325
fastprop,tdcommons/ames,0.8473339990992578
MolCLR,tdcommons/ames,0.7985832892752942
RF,tdcommons/ames,0.8470060114746716
CheMeleon,tdcommons/ames,0.8433795453210362
MoLFormer,tdcommons/ames,0.8548160332099708
RF,tdcommons/ames,0.8507235309091621
minimol,tdcommons/ames,0.8530635023203901
Chemprop,tdcommons/ames,0.8424680334449471
minimol,tdcommons/ames,0.8518455423055082
minimol,tdcommons/ames,0.8490943625291273
MoLFormer,tdcommons/ames,0.5392155710900937
fastprop,tdcommons/ames,0.8435175938436235
CheMeleon,tdcommons/ames,0.8510192093050579
CheMeleon,tdcommons/ames,0.8462325481211694
MolCLR,tdcommons/ames,0.8013393643893554
RF,tdcommons/ames,0.8528725841508547
RF,tdcommons/ames,0.8501282578472263
MolCLR,tdcommons/ames,0.8051146488084748
Chemprop,tdcommons/ames,0.8432767432297481
MoLFormer,tdcommons/ames,0.85537801797568
MoLFormer,tdcommons/ames,0.5664199416475749
MoLFormer,tdcommons/lipophilicity-astrazeneca,0.5139134507442026
MoLFormer,tdcommons/lipophilicity-astrazeneca,0.5058922318670028
CheMeleon,tdcommons/lipophilicity-astrazeneca,0.4525998963117599
minimol,tdcommons/lipophilicity-astrazeneca,0.4900941756225768
Chemprop,tdcommons/lipophilicity-astrazeneca,0.45469246210370745
RF,tdcommons/lipophilicity-astrazeneca,0.7123576383692365
fastprop,tdcommons/lipophilicity-astrazeneca,0.5265855010918208
CheMeleon,tdcommons/lipophilicity-astrazeneca,0.4636812979607355
RF,tdcommons/lipophilicity-astrazeneca,0.7118781702947845
RF,tdcommons/lipophilicity-astrazeneca,0.7095404963624338
minimol,tdcommons/lipophilicity-astrazeneca,0.48741030835537685
fastprop,tdcommons/lipophilicity-astrazeneca,0.5504940575872148
RF,tdcommons/lipophilicity-astrazeneca,0.7144003851662888
MolCLR,tdcommons/lipophilicity-astrazeneca,0.7477032194705237
fastprop,tdcommons/lipophilicity-astrazeneca,0.5336093098265784
MoLFormer,tdcommons/lipophilicity-astrazeneca,0.5120986479584216
minimol,tdcommons/lipophilicity-astrazeneca,0.4705743048020771
RF,tdcommons/lipophilicity-astrazeneca,0.7142814690476189
fastprop,tdcommons/lipophilicity-astrazeneca,0.5501623697564716
minimol,tdcommons/lipophilicity-astrazeneca,0.46878937671298077
CheMeleon,tdcommons/lipophilicity-astrazeneca,0.4620257613261541
fastprop,tdcommons/lipophilicity-astrazeneca,0.5547479983170827
Chemprop,tdcommons/lipophilicity-astrazeneca,0.47825674462886086
MoLFormer,tdcommons/lipophilicity-astrazeneca,0.49355294375508535
MolCLR,tdcommons/lipophilicity-astrazeneca,0.7342312727598915
CheMeleon,tdcommons/lipophilicity-astrazeneca,0.44461670050734564
MolCLR,tdcommons/lipophilicity-astrazeneca,0.7425999800988605
minimol,tdcommons/lipophilicity-astrazeneca,0.5058347956055687
Chemprop,tdcommons/lipophilicity-astrazeneca,0.45328324929873154
MolCLR,tdcommons/lipophilicity-astrazeneca,0.7480546207655043
Chemprop,tdcommons/lipophilicity-astrazeneca,0.45633100176992863
MoLFormer,tdcommons/lipophilicity-astrazeneca,0.5022154106524374
MolCLR,tdcommons/lipophilicity-astrazeneca,0.7608577149482
CheMeleon,tdcommons/lipophilicity-astrazeneca,0.45552008050963994
Chemprop,tdcommons/lipophilicity-astrazeneca,0.46980536438737597
Chemprop,tdcommons/ppbr-az,7.9328169632640435
MolCLR,tdcommons/ppbr-az,9.460583823106798
MolCLR,tdcommons/ppbr-az,9.576218310852596
MoLFormer,tdcommons/ppbr-az,10.310471324067635
RF,tdcommons/ppbr-az,9.395449622314462
minimol,tdcommons/ppbr-az,9.651369125011357
MoLFormer,tdcommons/ppbr-az,10.22624198572367
minimol,tdcommons/ppbr-az,8.57939893528046
CheMeleon,tdcommons/ppbr-az,7.723902495082249
CheMeleon,tdcommons/ppbr-az,7.825839714910134
fastprop,tdcommons/ppbr-az,8.477919699134896
MolCLR,tdcommons/ppbr-az,9.671809811395908
MoLFormer,tdcommons/ppbr-az,10.575902495409807
MolCLR,tdcommons/ppbr-az,10.274352580771676
RF,tdcommons/ppbr-az,9.24801220295139
fastprop,tdcommons/ppbr-az,8.442498672567242
Chemprop,tdcommons/ppbr-az,8.098037824545436
RF,tdcommons/ppbr-az,9.308295635517181
fastprop,tdcommons/ppbr-az,8.146403841076683
Chemprop,tdcommons/ppbr-az,8.200249426062078
CheMeleon,tdcommons/ppbr-az,7.80288519106952
minimol,tdcommons/ppbr-az,9.081451995249086
MoLFormer,tdcommons/ppbr-az,10.153532873163924
minimol,tdcommons/ppbr-az,8.795964256655125
CheMeleon,tdcommons/ppbr-az,8.056217212711122
Chemprop,tdcommons/ppbr-az,7.935351177618201
RF,tdcommons/ppbr-az,9.272467961524956
minimol,tdcommons/ppbr-az,9.662332561950137
MolCLR,tdcommons/ppbr-az,9.370072479248046
fastprop,tdcommons/ppbr-az,8.766118995243408
MoLFormer,tdcommons/ppbr-az,10.577345024204424
Chemprop,tdcommons/ppbr-az,8.365783486681888
fastprop,tdcommons/ppbr-az,8.212785119345023
CheMeleon,tdcommons/ppbr-az,7.668181763241243
RF,tdcommons/ppbr-az,9.190342356726454
CheMeleon,polaris/adme-fang-hclint-1,0.7167710317978941
fastprop,polaris/adme-fang-hclint-1,0.6545303217655917
RF,polaris/adme-fang-hclint-1,0.6344981063987123
minimol,polaris/adme-fang-hclint-1,0.7227979704501122
minimol,polaris/adme-fang-hclint-1,0.7203062330901907
minimol,polaris/adme-fang-hclint-1,0.7423974866309099
RF,polaris/adme-fang-hclint-1,0.6287967298252345
fastprop,polaris/adme-fang-hclint-1,0.6417578777330453
CheMeleon,polaris/adme-fang-hclint-1,0.7133627139485433
MolCLR,polaris/adme-fang-hclint-1,0.5011019287392592
CheMeleon,polaris/adme-fang-hclint-1,0.7201224436011495
MoLFormer,polaris/adme-fang-hclint-1,0.7025926795466753
Chemprop,polaris/adme-fang-hclint-1,0.6211694042828204
MolCLR,polaris/adme-fang-hclint-1,0.5069808801415129
MolCLR,polaris/adme-fang-hclint-1,0.5161444226079548
minimol,polaris/adme-fang-hclint-1,0.7180913260700108
CheMeleon,polaris/adme-fang-hclint-1,0.7275277687194579
Chemprop,polaris/adme-fang-hclint-1,0.6662928003688151
MoLFormer,polaris/adme-fang-hclint-1,0.7123970059515434
MolCLR,polaris/adme-fang-hclint-1,0.508760360325342
Chemprop,polaris/adme-fang-hclint-1,0.6618933929058317
RF,polaris/adme-fang-hclint-1,0.6322776149995339
MoLFormer,polaris/adme-fang-hclint-1,0.7046131033951475
Chemprop,polaris/adme-fang-hclint-1,0.626685908928898
CheMeleon,polaris/adme-fang-hclint-1,0.7131814694684162
minimol,polaris/adme-fang-hclint-1,0.7180099420274828
fastprop,polaris/adme-fang-hclint-1,0.6452242176194555
fastprop,polaris/adme-fang-hclint-1,0.6582023046440604
MolCLR,polaris/adme-fang-hclint-1,0.5109938338633327
RF,polaris/adme-fang-hclint-1,0.6371448617134728
Chemprop,polaris/adme-fang-hclint-1,0.6404613320422048
MoLFormer,polaris/adme-fang-hclint-1,0.7095916945084295
fastprop,polaris/adme-fang-hclint-1,0.6489828208363397
RF,polaris/adme-fang-hclint-1,0.6378675210442596
MoLFormer,polaris/adme-fang-hclint-1,0.6990324015659282
minimol,polaris/adme-fang-rclint-1,0.7359894139096985
fastprop,polaris/adme-fang-rclint-1,0.6865780819039338
MolCLR,polaris/adme-fang-rclint-1,0.544346251541416
MolCLR,polaris/adme-fang-rclint-1,0.5648865915044958
minimol,polaris/adme-fang-rclint-1,0.7479982547182376
fastprop,polaris/adme-fang-rclint-1,0.6804349902060638
Chemprop,polaris/adme-fang-rclint-1,0.6984992260982636
MolCLR,polaris/adme-fang-rclint-1,0.5335263702785654
MolCLR,polaris/adme-fang-rclint-1,0.5413646355667361
Chemprop,polaris/adme-fang-rclint-1,0.6662869206991502
MolCLR,polaris/adme-fang-rclint-1,0.5273544108629985
Chemprop,polaris/adme-fang-rclint-1,0.6951542598912497
RF,polaris/adme-fang-rclint-1,0.6464740696107658
RF,polaris/adme-fang-rclint-1,0.6464926160286333
Chemprop,polaris/adme-fang-rclint-1,0.7159101444791578
RF,polaris/adme-fang-rclint-1,0.6483612894977471
fastprop,polaris/adme-fang-rclint-1,0.6834356185236604
RF,polaris/adme-fang-rclint-1,0.6506298439480473
fastprop,polaris/adme-fang-rclint-1,0.6851278224711912
RF,polaris/adme-fang-rclint-1,0.6450040911565413
minimol,polaris/adme-fang-rclint-1,0.7360507993602234
fastprop,polaris/adme-fang-rclint-1,0.6689941010586801
Chemprop,polaris/adme-fang-rclint-1,0.6843521937463056
CheMeleon,polaris/adme-fang-rclint-1,0.7441712499206925
CheMeleon,polaris/adme-fang-rclint-1,0.749084690172475
MoLFormer,polaris/adme-fang-rclint-1,0.7281510457503755
MoLFormer,polaris/adme-fang-rclint-1,0.714361755632358
minimol,polaris/adme-fang-rclint-1,0.7424773748221534
CheMeleon,polaris/adme-fang-rclint-1,0.7540787213203008
MoLFormer,polaris/adme-fang-rclint-1,0.7162816949708143
MoLFormer,polaris/adme-fang-rclint-1,0.7276959122124786
minimol,polaris/adme-fang-rclint-1,0.6989082042777915
CheMeleon,polaris/adme-fang-rclint-1,0.7427290708544603
CheMeleon,polaris/adme-fang-rclint-1,0.7411589637767434
MoLFormer,polaris/adme-fang-rclint-1,0.7236011874505472
minimol,polaris/adme-fang-perm-1,0.8027336946541437
minimol,polaris/adme-fang-perm-1,0.7908687284667666
Chemprop,polaris/adme-fang-perm-1,0.6988393132095868
MoLFormer,polaris/adme-fang-perm-1,0.7943214828943682
MoLFormer,polaris/adme-fang-perm-1,0.7874704469571652
fastprop,polaris/adme-fang-perm-1,0.7365469065828796
fastprop,polaris/adme-fang-perm-1,0.749812092808102
fastprop,polaris/adme-fang-perm-1,0.7497276420801129
RF,polaris/adme-fang-perm-1,0.7147388191493275
CheMeleon,polaris/adme-fang-perm-1,0.796287971929639
MolCLR,polaris/adme-fang-perm-1,0.422525873344049
fastprop,polaris/adme-fang-perm-1,0.7446911697084346
RF,polaris/adme-fang-perm-1,0.7194948807137258
MoLFormer,polaris/adme-fang-perm-1,0.8004687350665166
MolCLR,polaris/adme-fang-perm-1,0.42938893337062467
Chemprop,polaris/adme-fang-perm-1,0.7030461555877876
MolCLR,polaris/adme-fang-perm-1,0.4445423035118629
minimol,polaris/adme-fang-perm-1,0.7839008135648361
CheMeleon,polaris/adme-fang-perm-1,0.796131616717727
CheMeleon,polaris/adme-fang-perm-1,0.8139506884258298
minimol,polaris/adme-fang-perm-1,0.7896882268056373
CheMeleon,polaris/adme-fang-perm-1,0.8232539216979715
MolCLR,polaris/adme-fang-perm-1,0.4472655587647629
MoLFormer,polaris/adme-fang-perm-1,0.7940605090042357
RF,polaris/adme-fang-perm-1,0.7176096501289605
MoLFormer,polaris/adme-fang-perm-1,0.7838752761631055
minimol,polaris/adme-fang-perm-1,0.7940918660136109
Chemprop,polaris/adme-fang-perm-1,0.7145584468046873
RF,polaris/adme-fang-perm-1,0.7180276436903776
MolCLR,polaris/adme-fang-perm-1,0.44060168745722184
Chemprop,polaris/adme-fang-perm-1,0.6980057866897077
RF,polaris/adme-fang-perm-1,0.7156557706086468
Chemprop,polaris/adme-fang-perm-1,0.6713831330953548
CheMeleon,polaris/adme-fang-perm-1,0.7927713240681578
fastprop,polaris/adme-fang-perm-1,0.7399800198301233
MolCLR,tdcommons/bbb-martins,0.850140712945591
CheMeleon,tdcommons/bbb-martins,0.8997029393370857
RF,tdcommons/bbb-martins,0.9167839274546592
MolCLR,tdcommons/bbb-martins,0.8621404002501564
MoLFormer,tdcommons/bbb-martins,0.9029080675422139
RF,tdcommons/bbb-martins,0.9051360225140711
CheMeleon,tdcommons/bbb-martins,0.8801594746716698
CheMeleon,tdcommons/bbb-martins,0.8778533458411507
MoLFormer,tdcommons/bbb-martins,0.863156660412758
Chemprop,tdcommons/bbb-martins,0.8112883051907441
fastprop,tdcommons/bbb-martins,0.9148295809881175
fastprop,tdcommons/bbb-martins,0.913578799249531
minimol,tdcommons/bbb-martins,0.9135201688555347
fastprop,tdcommons/bbb-martins,0.9186991869918699
minimol,tdcommons/bbb-martins,0.9142041901188241
fastprop,tdcommons/bbb-martins,0.9182301438399
minimol,tdcommons/bbb-martins,0.8974749843652282
MolCLR,tdcommons/bbb-martins,0.8431832395247029
CheMeleon,tdcommons/bbb-martins,0.9028298936835523
MoLFormer,tdcommons/bbb-martins,0.8854752970606629
fastprop,tdcommons/bbb-martins,0.9014227642276423
Chemprop,tdcommons/bbb-martins,0.8851626016260162
Chemprop,tdcommons/bbb-martins,0.8623749218261412
RF,tdcommons/bbb-martins,0.9119762351469668
RF,tdcommons/bbb-martins,0.9180737961225766
MoLFormer,tdcommons/bbb-martins,0.8723420888055035
MolCLR,tdcommons/bbb-martins,0.8574890556597873
Chemprop,tdcommons/bbb-martins,0.8651110068792996
MolCLR,tdcommons/bbb-martins,0.8558083176985617
MoLFormer,tdcommons/bbb-martins,0.8920419011882427
minimol,tdcommons/bbb-martins,0.9175656660412757
CheMeleon,tdcommons/bbb-martins,0.8690978736710445
RF,tdcommons/bbb-martins,0.9143214509068168
Chemprop,tdcommons/bbb-martins,0.8951297686053784
minimol,tdcommons/bbb-martins,0.9018918073796124
MoLFormer,polaris/adme-fang-solu-1,0.5689684884920423
Chemprop,polaris/adme-fang-solu-1,0.587287999625133
fastprop,polaris/adme-fang-solu-1,0.5485783628872404
MolCLR,polaris/adme-fang-solu-1,0.5093380743158173
MolCLR,polaris/adme-fang-solu-1,0.5071055620109537
MoLFormer,polaris/adme-fang-solu-1,0.597589101677514
MoLFormer,polaris/adme-fang-solu-1,0.5782666080492838
MolCLR,polaris/adme-fang-solu-1,0.503364119361664
RF,polaris/adme-fang-solu-1,0.5739950882493573
MoLFormer,polaris/adme-fang-solu-1,0.5560376659265465
RF,polaris/adme-fang-solu-1,0.5790237904811822
Chemprop,polaris/adme-fang-solu-1,0.5906870444756219
fastprop,polaris/adme-fang-solu-1,0.5866155015957892
RF,polaris/adme-fang-solu-1,0.5727381088385395
CheMeleon,polaris/adme-fang-solu-1,0.6768512300853301
fastprop,polaris/adme-fang-solu-1,0.5836965562479778
RF,polaris/adme-fang-solu-1,0.5685562546868163
CheMeleon,polaris/adme-fang-solu-1,0.6346485607975018
MolCLR,polaris/adme-fang-solu-1,0.5112003310229661
Chemprop,polaris/adme-fang-solu-1,0.5763622162909174
CheMeleon,polaris/adme-fang-solu-1,0.6450086396884953
minimol,polaris/adme-fang-solu-1,0.6909682575136458
CheMeleon,polaris/adme-fang-solu-1,0.6536492133297891
minimol,polaris/adme-fang-solu-1,0.6810489080559204
CheMeleon,polaris/adme-fang-solu-1,0.6685387371281728
fastprop,polaris/adme-fang-solu-1,0.5462900721945965
minimol,polaris/adme-fang-solu-1,0.6797753242150979
minimol,polaris/adme-fang-solu-1,0.7002235502040565
MolCLR,polaris/adme-fang-solu-1,0.4933802513643362
Chemprop,polaris/adme-fang-solu-1,0.6150160215445122
RF,polaris/adme-fang-solu-1,0.5782783995626744
minimol,polaris/adme-fang-solu-1,0.6823835813116489
Chemprop,polaris/adme-fang-solu-1,0.6110900500211651
MoLFormer,polaris/adme-fang-solu-1,0.5828956129679115
fastprop,polaris/adme-fang-solu-1,0.5409506824691828
fastprop,tdcommons/pgp-broccatelli,0.9138896294321515
MoLFormer,tdcommons/pgp-broccatelli,0.8985603838976273
CheMeleon,tdcommons/pgp-broccatelli,0.9100906424953346
Chemprop,tdcommons/pgp-broccatelli,0.8794321514262863
RF,tdcommons/pgp-broccatelli,0.923653692348707
CheMeleon,tdcommons/pgp-broccatelli,0.9365502532657958
fastprop,tdcommons/pgp-broccatelli,0.9241535590509198
minimol,tdcommons/pgp-broccatelli,0.9434150893095175
CheMeleon,tdcommons/pgp-broccatelli,0.9240869101572914
RF,tdcommons/pgp-broccatelli,0.9261530258597707
fastprop,tdcommons/pgp-broccatelli,0.9193548387096775
RF,tdcommons/pgp-broccatelli,0.9253865635830445
Chemprop,tdcommons/pgp-broccatelli,0.8833644361503599
MoLFormer,tdcommons/pgp-broccatelli,0.922020794454812
MoLFormer,tdcommons/pgp-broccatelli,0.9023593708344442
minimol,tdcommons/pgp-broccatelli,0.936750199946681
MolCLR,tdcommons/pgp-broccatelli,0.8426419621434285
Chemprop,tdcommons/pgp-broccatelli,0.9110237270061317
MolCLR,tdcommons/pgp-broccatelli,0.8515729138896293
MolCLR,tdcommons/pgp-broccatelli,0.851506264996001
Chemprop,tdcommons/pgp-broccatelli,0.871900826446281
fastprop,tdcommons/pgp-broccatelli,0.9249533457744601
Chemprop,tdcommons/pgp-broccatelli,0.8904958677685951
MolCLR,tdcommons/pgp-broccatelli,0.8331778192482004
MoLFormer,tdcommons/pgp-broccatelli,0.9190882431351639
fastprop,tdcommons/pgp-broccatelli,0.9252199413489736
MoLFormer,tdcommons/pgp-broccatelli,0.9236870167955212
minimol,tdcommons/pgp-broccatelli,0.9419488136496933
RF,tdcommons/pgp-broccatelli,0.9199880031991469
RF,tdcommons/pgp-broccatelli,0.9284857371367635
MolCLR,tdcommons/pgp-broccatelli,0.8563716342308718
minimol,tdcommons/pgp-broccatelli,0.9403492402026127
CheMeleon,tdcommons/pgp-broccatelli,0.9295521194348174
minimol,tdcommons/pgp-broccatelli,0.9455478539056251
CheMeleon,tdcommons/pgp-broccatelli,0.9341508930951746
MoLFormer,tdcommons/clearance-hepatocyte-az,0.30740918748954443
RF,tdcommons/clearance-hepatocyte-az,0.4549640253306689
RF,tdcommons/clearance-hepatocyte-az,0.4533001331792948
Chemprop,tdcommons/clearance-hepatocyte-az,0.350121412256134
MoLFormer,tdcommons/clearance-hepatocyte-az,0.2153920289958245
minimol,tdcommons/clearance-hepatocyte-az,0.4377218100910761
CheMeleon,tdcommons/clearance-hepatocyte-az,0.293650393726857
CheMeleon,tdcommons/clearance-hepatocyte-az,0.3997291117476971
Chemprop,tdcommons/clearance-hepatocyte-az,0.3788209216347244
MolCLR,tdcommons/clearance-hepatocyte-az,0.2820682552682827
minimol,tdcommons/clearance-hepatocyte-az,0.39263433177685103
Chemprop,tdcommons/clearance-hepatocyte-az,0.342526253427613
MolCLR,tdcommons/clearance-hepatocyte-az,0.28129221338590055
fastprop,tdcommons/clearance-hepatocyte-az,0.3369398409280782
CheMeleon,tdcommons/clearance-hepatocyte-az,0.40744604550529934
MoLFormer,tdcommons/clearance-hepatocyte-az,0.24435213942397913
minimol,tdcommons/clearance-hepatocyte-az,0.4624006817172439
fastprop,tdcommons/clearance-hepatocyte-az,0.3381819840968773
MoLFormer,tdcommons/clearance-hepatocyte-az,0.26674747648073166
MolCLR,tdcommons/clearance-hepatocyte-az,0.2821261656534393
CheMeleon,tdcommons/clearance-hepatocyte-az,0.4025948972482501
Chemprop,tdcommons/clearance-hepatocyte-az,0.32809901901089467
RF,tdcommons/clearance-hepatocyte-az,0.45578778006655485
RF,tdcommons/clearance-hepatocyte-az,0.4448378490617916
fastprop,tdcommons/clearance-hepatocyte-az,0.3278109077713852
MoLFormer,tdcommons/clearance-hepatocyte-az,0.2204269262078558
Chemprop,tdcommons/clearance-hepatocyte-az,0.36199257785045064
MolCLR,tdcommons/clearance-hepatocyte-az,0.26396164776163283
MolCLR,tdcommons/clearance-hepatocyte-az,0.23629560406643527
fastprop,tdcommons/clearance-hepatocyte-az,0.3791857307971865
CheMeleon,tdcommons/clearance-hepatocyte-az,0.40159879139889854
minimol,tdcommons/clearance-hepatocyte-az,0.40572717828312754
fastprop,tdcommons/clearance-hepatocyte-az,0.3834271645392779
RF,tdcommons/clearance-hepatocyte-az,0.4652065606315913
minimol,tdcommons/clearance-hepatocyte-az,0.3936382117966009
fastprop,tdcommons/vdss-lombardo,0.5407531091740178
minimol,tdcommons/vdss-lombardo,-0.14297990054141865
RF,tdcommons/vdss-lombardo,0.5225934267953982
minimol,tdcommons/vdss-lombardo,0.4803355186892362
CheMeleon,tdcommons/vdss-lombardo,0.5428147850578094
MoLFormer,tdcommons/vdss-lombardo,0.588741928699666
MolCLR,tdcommons/vdss-lombardo,0.4926359030752743
RF,tdcommons/vdss-lombardo,0.5227322249288276
MolCLR,tdcommons/vdss-lombardo,0.49753958394658565
Chemprop,tdcommons/vdss-lombardo,0.5251649545976853
fastprop,tdcommons/vdss-lombardo,0.5221281671346515
MolCLR,tdcommons/vdss-lombardo,0.34233121144414513
fastprop,tdcommons/vdss-lombardo,0.4879282030889926
MoLFormer,tdcommons/vdss-lombardo,0.586200938457843
Chemprop,tdcommons/vdss-lombardo,0.49661296523173326
Chemprop,tdcommons/vdss-lombardo,0.4966977013674516
CheMeleon,tdcommons/vdss-lombardo,0.5368017810384472
RF,tdcommons/vdss-lombardo,0.4970909592681226
Chemprop,tdcommons/vdss-lombardo,0.5315330320980965
CheMeleon,tdcommons/vdss-lombardo,0.5652787574255806
CheMeleon,tdcommons/vdss-lombardo,0.5361865278279186
MoLFormer,tdcommons/vdss-lombardo,0.6530994724636123
MolCLR,tdcommons/vdss-lombardo,0.41794446407637437
RF,tdcommons/vdss-lombardo,0.553040642806498
fastprop,tdcommons/vdss-lombardo,0.4528523032574587
MoLFormer,tdcommons/vdss-lombardo,0.6031415665266907
minimol,tdcommons/vdss-lombardo,0.36215341888761426
minimol,tdcommons/vdss-lombardo,0.06579416276993329
fastprop,tdcommons/vdss-lombardo,0.5156685955766196
MoLFormer,tdcommons/vdss-lombardo,0.5655377180973229
MolCLR,tdcommons/vdss-lombardo,0.5175547121023981
CheMeleon,tdcommons/vdss-lombardo,0.5466590234966974
minimol,tdcommons/vdss-lombardo,0.2968226959658971
Chemprop,tdcommons/vdss-lombardo,0.3284988857636628
RF,tdcommons/vdss-lombardo,0.5068645312029815
MolCLR,tdcommons/clearance-microsome-az,0.40398041105685306
MolCLR,tdcommons/clearance-microsome-az,0.4178928256590399
Chemprop,tdcommons/clearance-microsome-az,0.4519009502421633
CheMeleon,tdcommons/clearance-microsome-az,0.5997660171292877
Chemprop,tdcommons/clearance-microsome-az,0.5022098185134957
Chemprop,tdcommons/clearance-microsome-az,0.5372087247155588
MolCLR,tdcommons/clearance-microsome-az,0.4306576606337852
CheMeleon,tdcommons/clearance-microsome-az,0.5892957733006992
MoLFormer,tdcommons/clearance-microsome-az,-0.06859023796430883
MoLFormer,tdcommons/clearance-microsome-az,0.23813593023416166
MolCLR,tdcommons/clearance-microsome-az,0.39379763024385145
MolCLR,tdcommons/clearance-microsome-az,0.3591287952118593
Chemprop,tdcommons/clearance-microsome-az,0.5037062168989814
fastprop,tdcommons/clearance-microsome-az,0.5348996733716542
CheMeleon,tdcommons/clearance-microsome-az,0.6293593687991198
MoLFormer,tdcommons/clearance-microsome-az,0.42015673893396804
Chemprop,tdcommons/clearance-microsome-az,0.5699130397714653
CheMeleon,tdcommons/clearance-microsome-az,0.5929123534533197
minimol,tdcommons/clearance-microsome-az,0.6001469835875571
fastprop,tdcommons/clearance-microsome-az,0.5307195247150402
RF,tdcommons/clearance-microsome-az,0.5897629663784179
RF,tdcommons/clearance-microsome-az,0.585619745981653
minimol,tdcommons/clearance-microsome-az,0.5603287889247056
fastprop,tdcommons/clearance-microsome-az,0.528328352426961
minimol,tdcommons/clearance-microsome-az,0.6189513928863113
MoLFormer,tdcommons/clearance-microsome-az,0.4079770559474727
minimol,tdcommons/clearance-microsome-az,0.5734668786359743
RF,tdcommons/clearance-microsome-az,0.5868707224404046
RF,tdcommons/clearance-microsome-az,0.6001440257929367
fastprop,tdcommons/clearance-microsome-az,0.5441541748144705
minimol,tdcommons/clearance-microsome-az,0.5894875536276621
CheMeleon,tdcommons/clearance-microsome-az,0.6058123983049616
MoLFormer,tdcommons/clearance-microsome-az,0.2308833556845446
fastprop,tdcommons/clearance-microsome-az,0.4969482639250949
RF,tdcommons/clearance-microsome-az,0.5996940833064102
Chemprop,tdcommons/caco2-wang,0.3357260554730762
CheMeleon,tdcommons/caco2-wang,0.35035140581685165
minimol,tdcommons/caco2-wang,0.3214661115986919
MolCLR,tdcommons/caco2-wang,0.4478050710810399
RF,tdcommons/caco2-wang,0.32387756803637885
MoLFormer,tdcommons/caco2-wang,0.3685751035199846
MolCLR,tdcommons/caco2-wang,0.4358692079098545
Chemprop,tdcommons/caco2-wang,0.40906376247206483
fastprop,tdcommons/caco2-wang,0.2777430246384004
fastprop,tdcommons/caco2-wang,0.3029325581849655
RF,tdcommons/caco2-wang,0.320607986736685
Chemprop,tdcommons/caco2-wang,0.3762340911022146
RF,tdcommons/caco2-wang,0.31536758418137095
minimol,tdcommons/caco2-wang,0.3150544684390561
fastprop,tdcommons/caco2-wang,0.27502936638384823
minimol,tdcommons/caco2-wang,0.38719355355358764
MoLFormer,tdcommons/caco2-wang,0.39315628053354124
CheMeleon,tdcommons/caco2-wang,0.4058060832946107
MolCLR,tdcommons/caco2-wang,0.4403181163049719
minimol,tdcommons/caco2-wang,0.2861945715467851
fastprop,tdcommons/caco2-wang,0.284479731069326
CheMeleon,tdcommons/caco2-wang,0.3473817895933047
minimol,tdcommons/caco2-wang,0.3147927756907704
MolCLR,tdcommons/caco2-wang,0.4391630202899305
RF,tdcommons/caco2-wang,0.31802584913170856
MoLFormer,tdcommons/caco2-wang,0.40210241421089593
Chemprop,tdcommons/caco2-wang,0.36397031237585054
MolCLR,tdcommons/caco2-wang,0.4531897103954609
MoLFormer,tdcommons/caco2-wang,0.3897842759719681
Chemprop,tdcommons/caco2-wang,0.3744417314088593
MoLFormer,tdcommons/caco2-wang,0.5794993542581077
RF,tdcommons/caco2-wang,0.32033651009986397
fastprop,tdcommons/caco2-wang,0.3094632692442172
CheMeleon,tdcommons/caco2-wang,0.4181962071691157
CheMeleon,tdcommons/caco2-wang,0.35597873534294383
RF,tdcommons/cyp3a4-substrate-carbonmangels,0.6635397830018083
CheMeleon,tdcommons/cyp3a4-substrate-carbonmangels,0.6127938517179025
Chemprop,tdcommons/cyp3a4-substrate-carbonmangels,0.5639692585895117
minimol,tdcommons/cyp3a4-substrate-carbonmangels,0.6534810126582278
fastprop,tdcommons/cyp3a4-substrate-carbonmangels,0.6108725135623869
RF,tdcommons/cyp3a4-substrate-carbonmangels,0.6653481012658228
Chemprop,tdcommons/cyp3a4-substrate-carbonmangels,0.5687160940325499
fastprop,tdcommons/cyp3a4-substrate-carbonmangels,0.5914330922242313
minimol,tdcommons/cyp3a4-substrate-carbonmangels,0.6480560578661844
MolCLR,tdcommons/cyp3a4-substrate-carbonmangels,0.6078209764918625
MolCLR,tdcommons/cyp3a4-substrate-carbonmangels,0.5965189873417721
MoLFormer,tdcommons/cyp3a4-substrate-carbonmangels,0.6236437613019892
MoLFormer,tdcommons/cyp3a4-substrate-carbonmangels,0.6222875226039782
fastprop,tdcommons/cyp3a4-substrate-carbonmangels,0.6224005424954792
minimol,tdcommons/cyp3a4-substrate-carbonmangels,0.6471518987341773
Chemprop,tdcommons/cyp3a4-substrate-carbonmangels,0.5732368896925859
Chemprop,tdcommons/cyp3a4-substrate-carbonmangels,0.6055605786618444
CheMeleon,tdcommons/cyp3a4-substrate-carbonmangels,0.6161844484629294
RF,tdcommons/cyp3a4-substrate-carbonmangels,0.6772151898734178
MoLFormer,tdcommons/cyp3a4-substrate-carbonmangels,0.6139240506329114
MoLFormer,tdcommons/cyp3a4-substrate-carbonmangels,0.6476039783001808
fastprop,tdcommons/cyp3a4-substrate-carbonmangels,0.5997965641952984
MolCLR,tdcommons/cyp3a4-substrate-carbonmangels,0.6035262206148282
CheMeleon,tdcommons/cyp3a4-substrate-carbonmangels,0.5922242314647379
Chemprop,tdcommons/cyp3a4-substrate-carbonmangels,0.5162748643761302
minimol,tdcommons/cyp3a4-substrate-carbonmangels,0.6914556962025317
CheMeleon,tdcommons/cyp3a4-substrate-carbonmangels,0.6125678119349005
MolCLR,tdcommons/cyp3a4-substrate-carbonmangels,0.5680379746835443
RF,tdcommons/cyp3a4-substrate-carbonmangels,0.6742766726943943
minimol,tdcommons/cyp3a4-substrate-carbonmangels,0.6794755877034357
fastprop,tdcommons/cyp3a4-substrate-carbonmangels,0.5966320072332731
MolCLR,tdcommons/cyp3a4-substrate-carbonmangels,0.6089511754068716
CheMeleon,tdcommons/cyp3a4-substrate-carbonmangels,0.613245931283906
RF,tdcommons/cyp3a4-substrate-carbonmangels,0.6689647377938517
MoLFormer,tdcommons/cyp3a4-substrate-carbonmangels,0.6234177215189873
CheMeleon,tdcommons/cyp2c9-substrate-carbonmangels,0.4146191937388589
CheMeleon,tdcommons/cyp2c9-substrate-carbonmangels,0.43874957502411227
fastprop,tdcommons/cyp2c9-substrate-carbonmangels,0.44510197721391337
CheMeleon,polaris/pkis2-ret-wt-reg-v2,710.0262995116599
CheMeleon,polaris/pkis2-ret-wt-cls-v2,0.5317612155073456
fastprop,polaris/pkis2-ret-wt-reg-v2,782.4439412258906
Chemprop,polaris/pkis2-ret-wt-cls-v2,0.5900259406865028
Chemprop,polaris/pkis2-ret-wt-reg-v2,984.032039975163
fastprop,polaris/pkis2-ret-wt-cls-v2,0.6659097672170222
Chemprop,tdcommons/cyp2c9-substrate-carbonmangels,0.4297984010324548
CheMeleon,tdcommons/cyp2c9-substrate-carbonmangels,0.42096676248632114
fastprop,tdcommons/cyp2c9-substrate-carbonmangels,0.35818866208083505
fastprop,polaris/pkis2-ret-wt-reg-v2,795.1300875648799
CheMeleon,polaris/pkis2-ret-wt-cls-v2,0.5482528192999347
Chemprop,polaris/pkis2-ret-wt-cls-v2,0.31382114883988477
Chemprop,polaris/pkis2-ret-wt-reg-v2,1092.7222070584412
Chemprop,tdcommons/cyp2c9-substrate-carbonmangels,0.38480445164187416
Chemprop,tdcommons/cyp2c9-substrate-carbonmangels,0.425856086082614
CheMeleon,tdcommons/cyp2c9-substrate-carbonmangels,0.4314085494236235
CheMeleon,tdcommons/cyp2c9-substrate-carbonmangels,0.42247572891322843
fastprop,polaris/pkis2-ret-wt-reg-v2,822.5000476439109
Chemprop,polaris/pkis2-ret-wt-reg-v2,1041.4011348866725
Chemprop,polaris/pkis2-ret-wt-cls-v2,0.35274508950310246
fastprop,tdcommons/cyp2c9-substrate-carbonmangels,0.38174971855565254
Chemprop,tdcommons/cyp2c9-substrate-carbonmangels,0.42102733032277095
CheMeleon,polaris/pkis2-ret-wt-reg-v2,641.2001377701413
CheMeleon,polaris/pkis2-ret-wt-cls-v2,0.6403218252177856
fastprop,polaris/pkis2-ret-wt-cls-v2,0.6592849474427518
fastprop,polaris/pkis2-ret-wt-reg-v2,752.2830033703634
fastprop,tdcommons/cyp2c9-substrate-carbonmangels,0.3813706859417536
Chemprop,polaris/pkis2-ret-wt-reg-v2,933.6224968353667
CheMeleon,polaris/pkis2-ret-wt-reg-v2,611.9523863815442
CheMeleon,polaris/pkis2-ret-wt-cls-v2,0.5945037187051706
Chemprop,polaris/pkis2-ret-wt-cls-v2,0.4346721144698639
CheMeleon,polaris/pkis2-ret-wt-reg-v2,664.25045522087
fastprop,polaris/pkis2-ret-wt-cls-v2,0.6111087631652372
fastprop,polaris/pkis2-ret-wt-reg-v2,853.1739460940686
CheMeleon,polaris/pkis2-ret-wt-reg-v2,561.6101160284434
fastprop,tdcommons/cyp2c9-substrate-carbonmangels,0.3126853749471482
CheMeleon,polaris/pkis2-ret-wt-cls-v2,0.6081510032034985
Chemprop,tdcommons/cyp2c9-substrate-carbonmangels,0.40014299004059595
fastprop,polaris/pkis2-ret-wt-cls-v2,0.44383307588392185
fastprop,polaris/pkis2-ret-wt-cls-v2,0.634433064559178
MoLFormer,polaris/pkis2-ret-wt-cls-v2,0.6852654827355725
RF,polaris/pkis2-ret-wt-cls-v2,0.6935349142279312
MoLFormer,polaris/pkis2-ret-wt-reg-v2,1199.57142577541
MolCLR,polaris/pkis2-ret-wt-reg-v2,1210.5531032890285
RF,polaris/pkis2-ret-wt-reg-v2,785.1822320018248
RF,polaris/pkis2-ret-wt-cls-v2,0.6891356493523677
MoLFormer,polaris/pkis2-ret-wt-reg-v2,1124.4250269297188
MoLFormer,polaris/pkis2-ret-wt-cls-v2,0.6988742588290531
RF,tdcommons/cyp2c9-substrate-carbonmangels,0.4160837320130524
MoLFormer,polaris/pkis2-ret-wt-cls-v2,0.7414323492607899
MoLFormer,polaris/pkis2-ret-wt-reg-v2,1359.0186003050162
MoLFormer,tdcommons/cyp2c9-substrate-carbonmangels,0.3505828619738079
MolCLR,tdcommons/cyp2c9-substrate-carbonmangels,0.4180653314368723
RF,polaris/pkis2-ret-wt-reg-v2,776.8594695047798
MolCLR,polaris/pkis2-ret-wt-reg-v2,1091.1300382213092
minimol,tdcommons/cyp2c9-substrate-carbonmangels,0.43363996879977773
MolCLR,polaris/pkis2-ret-wt-cls-v2,0.5675393108049313
MolCLR,polaris/pkis2-ret-wt-reg-v2,1156.5889172439931
minimol,polaris/pkis2-ret-wt-reg-v2,688.6875008135049
MolCLR,polaris/pkis2-ret-wt-cls-v2,0.5332184807858262
MoLFormer,tdcommons/cyp2c9-substrate-carbonmangels,0.41888232660977864
RF,tdcommons/cyp2c9-substrate-carbonmangels,0.39867322557194307
MolCLR,tdcommons/cyp2c9-substrate-carbonmangels,0.3298385700473394
MolCLR,polaris/pkis2-ret-wt-cls-v2,0.4214669177585326
RF,tdcommons/cyp2c9-substrate-carbonmangels,0.4136149327137728
RF,polaris/pkis2-ret-wt-reg-v2,793.2084259264572
RF,polaris/pkis2-ret-wt-cls-v2,0.7073304209656397
MolCLR,tdcommons/cyp2c9-substrate-carbonmangels,0.4078373143772182
MoLFormer,polaris/pkis2-ret-wt-cls-v2,0.7163410770902874
RF,tdcommons/cyp2c9-substrate-carbonmangels,0.3967890770422068
MoLFormer,polaris/pkis2-ret-wt-reg-v2,1266.1856204926735
MolCLR,polaris/pkis2-ret-wt-cls-v2,0.5637662896043414
MolCLR,polaris/pkis2-ret-wt-reg-v2,1185.5225576093517
RF,polaris/pkis2-ret-wt-reg-v2,784.5883325938678
RF,polaris/pkis2-ret-wt-cls-v2,0.7263028559842695
RF,tdcommons/cyp2c9-substrate-carbonmangels,0.4132760599080295
RF,polaris/pkis2-ret-wt-reg-v2,794.0454216518871
RF,polaris/pkis2-ret-wt-cls-v2,0.684744313420784
minimol,polaris/pkis2-ret-wt-cls-v2,0.8623959026570415
MoLFormer,tdcommons/cyp2c9-substrate-carbonmangels,0.3651473277170073
MolCLR,polaris/pkis2-ret-wt-reg-v2,1173.3307860301802
minimol,tdcommons/cyp2c9-substrate-carbonmangels,0.3942111295577495
minimol,polaris/pkis2-ret-wt-cls-v2,0.7936038293694003
MoLFormer,polaris/pkis2-ret-wt-reg-v2,1251.0552233308902
minimol,tdcommons/cyp2c9-substrate-carbonmangels,0.47405761625596876
MolCLR,polaris/pkis2-ret-wt-cls-v2,0.5430743025549936
Chemprop,polaris/pkis2-ret-wt-cls-v2,0.4739126076126694
minimol,tdcommons/cyp2c9-substrate-carbonmangels,0.49292329509828714
Chemprop,polaris/pkis2-ret-wt-reg-v2,1104.5430837924507
MoLFormer,polaris/pkis2-ret-wt-cls-v2,0.7177664339332828
minimol,polaris/pkis2-ret-wt-cls-v2,0.8435786435786435
minimol,tdcommons/cyp2c9-substrate-carbonmangels,0.45346837212824403
minimol,polaris/pkis2-ret-wt-reg-v2,545.3547172992594
MoLFormer,tdcommons/cyp2c9-substrate-carbonmangels,0.3486534162171543
minimol,polaris/pkis2-ret-wt-reg-v2,579.1713339566504
MoLFormer,tdcommons/cyp2c9-substrate-carbonmangels,0.3679248145195101
MolCLR,tdcommons/cyp2c9-substrate-carbonmangels,0.4067556255591499
minimol,polaris/pkis2-ret-wt-cls-v2,0.8655134081200655
minimol,polaris/pkis2-ret-wt-reg-v2,674.2035546893727
MolCLR,tdcommons/cyp2c9-substrate-carbonmangels,0.4165828382448885
minimol,polaris/pkis2-ret-wt-cls-v2,0.851023194874565
minimol,polaris/pkis2-ret-wt-reg-v2,521.2265984175505
fastprop,tdcommons/half-life-obach,0.3489832151631764
fastprop,tdcommons/cyp2d6-substrate-carbonmangels,0.6783196065152546
MoLFormer,tdcommons/half-life-obach,0.31276311557508946
RF,tdcommons/cyp2d6-substrate-carbonmangels,0.6874739394283287
MoLFormer,tdcommons/half-life-obach,0.16463655669314392
CheMeleon,tdcommons/cyp2d6-substrate-carbonmangels,0.6218755362650977
RF,tdcommons/cyp2d6-substrate-carbonmangels,0.7025139499944251
RF,tdcommons/half-life-obach,0.3720856232152395
CheMeleon,tdcommons/half-life-obach,0.3511311786321325
minimol,tdcommons/half-life-obach,0.16967972726127842
MoLFormer,tdcommons/half-life-obach,-0.23907852284533956
minimol,tdcommons/cyp2d6-substrate-carbonmangels,0.6674310271234267
RF,tdcommons/cyp2d6-substrate-carbonmangels,0.6922988396586933
Chemprop,tdcommons/half-life-obach,0.268837190537759
Chemprop,tdcommons/cyp2d6-substrate-carbonmangels,0.7015437006935749
RF,tdcommons/half-life-obach,0.33946555389562416
CheMeleon,tdcommons/cyp2d6-substrate-carbonmangels,0.7149021430777118
MoLFormer,tdcommons/cyp2d6-substrate-carbonmangels,0.6697090313365345
minimol,tdcommons/half-life-obach,0.2116097116843012
MoLFormer,tdcommons/cyp2d6-substrate-carbonmangels,0.6608892691759787
CheMeleon,tdcommons/half-life-obach,0.29727508394543817
MoLFormer,tdcommons/cyp2d6-substrate-carbonmangels,0.6599357238188415
minimol,tdcommons/half-life-obach,0.02132353492049774
fastprop,tdcommons/half-life-obach,0.10228113989160104
fastprop,tdcommons/cyp2d6-substrate-carbonmangels,0.6021082373587222
minimol,tdcommons/cyp2d6-substrate-carbonmangels,0.6610339363734572
CheMeleon,tdcommons/cyp2d6-substrate-carbonmangels,0.7015338307210306
CheMeleon,tdcommons/half-life-obach,0.3436928366925081
minimol,tdcommons/cyp2d6-substrate-carbonmangels,0.6494219169669492
minimol,tdcommons/half-life-obach,0.3371850271411872
fastprop,tdcommons/half-life-obach,0.2961359066694225
fastprop,tdcommons/cyp2d6-substrate-carbonmangels,0.6905762892677276
fastprop,tdcommons/cyp2d6-substrate-carbonmangels,0.5947285612286788
RF,tdcommons/cyp2d6-substrate-carbonmangels,0.69928994326819
RF,tdcommons/half-life-obach,0.36573917335957634
fastprop,tdcommons/half-life-obach,0.24911065593053056
minimol,tdcommons/half-life-obach,0.2547763025934197
minimol,tdcommons/cyp2d6-substrate-carbonmangels,0.7201128360532533
RF,tdcommons/cyp2d6-substrate-carbonmangels,0.6903382240894126
RF,tdcommons/half-life-obach,0.3724636784526061
minimol,tdcommons/cyp2d6-substrate-carbonmangels,0.6769959008712423
CheMeleon,tdcommons/cyp2d6-substrate-carbonmangels,0.6490982528346334
fastprop,tdcommons/half-life-obach,0.27926486624613855
fastprop,tdcommons/cyp2d6-substrate-carbonmangels,0.6805029819309203
MolCLR,tdcommons/cyp2d6-substrate-carbonmangels,0.6540261402400225
RF,tdcommons/half-life-obach,0.39942999267405566
CheMeleon,tdcommons/half-life-obach,0.29115060403645315
Chemprop,tdcommons/cyp2d6-substrate-carbonmangels,0.6737990570367647
CheMeleon,tdcommons/half-life-obach,0.33978790147375665
MolCLR,tdcommons/cyp2d6-substrate-carbonmangels,0.6755463256455024
MolCLR,tdcommons/half-life-obach,0.03198221454912485
MolCLR,tdcommons/cyp2d6-substrate-carbonmangels,0.6299095276028865
MoLFormer,tdcommons/half-life-obach,0.12416217119104643
MoLFormer,tdcommons/cyp2d6-substrate-carbonmangels,0.700692245822261
MolCLR,tdcommons/half-life-obach,0.034674940182088346
MolCLR,tdcommons/half-life-obach,0.016923439134345304
MolCLR,tdcommons/cyp2d6-substrate-carbonmangels,0.6687892091399383
Chemprop,tdcommons/half-life-obach,0.24698074633759062
Chemprop,tdcommons/cyp2d6-substrate-carbonmangels,0.5966243026911265
Chemprop,tdcommons/cyp2d6-substrate-carbonmangels,0.6475307427498239
MolCLR,tdcommons/half-life-obach,0.03468713549745503
MolCLR,tdcommons/cyp2d6-substrate-carbonmangels,0.6639412865528457
MoLFormer,tdcommons/cyp2d6-substrate-carbonmangels,0.6723022167841135
Chemprop,tdcommons/half-life-obach,0.25615162349333587
Chemprop,tdcommons/half-life-obach,0.3012279481516677
MolCLR,tdcommons/half-life-obach,0.1124870127130534
Chemprop,tdcommons/half-life-obach,0.30212881354276194
Chemprop,tdcommons/cyp2d6-substrate-carbonmangels,0.6579043524525793
MoLFormer,tdcommons/half-life-obach,0.32744137925182043
CheMeleon,tdcommons/cyp2d6-substrate-carbonmangels,0.6524479568457082
Chemprop,polaris/pkis2-kit-wt-cls-v2,0.44299935722764416
Chemprop,polaris/pkis2-kit-wt-reg-v2,1204.4330977949314
MolCLR,polaris/pkis2-kit-wt-cls-v2,0.34854393007458623
MoLFormer,polaris/pkis2-kit-wt-cls-v2,0.5687345018899432
CheMeleon,polaris/pkis2-kit-wt-cls-v2,0.7054883965359975
minimol,polaris/pkis2-kit-wt-reg-v2,923.1334045977353
MolCLR,polaris/pkis2-kit-wt-reg-v2,1166.893968716977
Chemprop,polaris/pkis2-kit-wt-reg-v2,833.7045091889248
fastprop,polaris/pkis2-kit-wt-reg-v2,965.019213824296
Chemprop,polaris/pkis2-kit-wt-cls-v2,0.5799982023356187
Chemprop,polaris/pkis2-kit-wt-reg-v2,885.6409931489636
RF,polaris/pkis2-kit-wt-cls-v2,0.6407845641854626
RF,polaris/pkis2-kit-wt-reg-v2,836.9048637697124
CheMeleon,polaris/pkis2-kit-wt-reg-v2,757.4821917636548
minimol,polaris/pkis2-kit-wt-cls-v2,0.7287086269933609
RF,polaris/pkis2-kit-wt-cls-v2,0.6429681106784213
fastprop,polaris/pkis2-kit-wt-cls-v2,0.44141874074855986
RF,polaris/pkis2-kit-wt-reg-v2,813.8370637841771
MoLFormer,polaris/pkis2-kit-wt-cls-v2,0.6682207927305761
MolCLR,polaris/pkis2-kit-wt-cls-v2,0.3139538394937052
minimol,polaris/pkis2-kit-wt-reg-v2,810.606858687971
minimol,polaris/pkis2-kit-wt-cls-v2,0.6762432357488428
fastprop,polaris/pkis2-kit-wt-cls-v2,0.4677672988549707
RF,polaris/pkis2-kit-wt-cls-v2,0.612015426830886
RF,polaris/pkis2-kit-wt-reg-v2,803.3245029803641
fastprop,polaris/pkis2-kit-wt-reg-v2,966.2882995782583
CheMeleon,polaris/pkis2-kit-wt-cls-v2,0.6266104090655296
MolCLR,polaris/pkis2-kit-wt-cls-v2,0.31853197776453296
MolCLR,polaris/pkis2-kit-wt-reg-v2,1056.157104345953
MoLFormer,polaris/pkis2-kit-wt-reg-v2,1027.2955065638143
MolCLR,polaris/pkis2-kit-wt-reg-v2,1186.1269147000364
CheMeleon,polaris/pkis2-kit-wt-reg-v2,820.5279427963466
fastprop,polaris/pkis2-kit-wt-reg-v2,1031.4798659775242
minimol,polaris/pkis2-kit-wt-reg-v2,948.5013481184828
MoLFormer,polaris/pkis2-kit-wt-cls-v2,0.6323076141849994
MoLFormer,polaris/pkis2-kit-wt-cls-v2,0.5958070309636848
fastprop,polaris/pkis2-kit-wt-cls-v2,0.49557259940773923
minimol,polaris/pkis2-kit-wt-cls-v2,0.5165394448009356
fastprop,polaris/pkis2-kit-wt-reg-v2,1009.6837656446122
fastprop,polaris/pkis2-kit-wt-cls-v2,0.48365776087492673
MoLFormer,polaris/pkis2-kit-wt-reg-v2,1147.5810763280138
RF,polaris/pkis2-kit-wt-cls-v2,0.6587182442484976
RF,polaris/pkis2-kit-wt-reg-v2,824.2492956362241
CheMeleon,polaris/pkis2-kit-wt-cls-v2,0.6869107409279265
MolCLR,polaris/pkis2-kit-wt-cls-v2,0.28553583188016546
CheMeleon,polaris/pkis2-kit-wt-reg-v2,825.7285050373783
minimol,polaris/pkis2-kit-wt-reg-v2,982.5682494487107
MolCLR,polaris/pkis2-kit-wt-reg-v2,1160.4935168151192
minimol,polaris/pkis2-kit-wt-cls-v2,0.5933923698653115
Chemprop,polaris/pkis2-kit-wt-cls-v2,0.44034151425805956
Chemprop,polaris/pkis2-kit-wt-reg-v2,916.9820765157901
MolCLR,polaris/pkis2-kit-wt-cls-v2,0.31083779600688505
Chemprop,polaris/pkis2-kit-wt-cls-v2,0.37729576182960417
RF,polaris/pkis2-kit-wt-reg-v2,818.1981367667817
minimol,polaris/pkis2-kit-wt-reg-v2,965.3234660062498
MolCLR,polaris/pkis2-kit-wt-reg-v2,1153.4061330915565
MoLFormer,polaris/pkis2-kit-wt-cls-v2,0.6703907271416001
fastprop,polaris/pkis2-kit-wt-cls-v2,0.43883222496546376
MoLFormer,polaris/pkis2-kit-wt-reg-v2,1091.2444389055463
minimol,polaris/pkis2-kit-wt-cls-v2,0.5695063330376905
Chemprop,polaris/pkis2-kit-wt-reg-v2,928.3345803068048
CheMeleon,polaris/pkis2-kit-wt-reg-v2,832.2304574484438
CheMeleon,polaris/pkis2-kit-wt-cls-v2,0.7093246006115614
CheMeleon,polaris/pkis2-kit-wt-reg-v2,763.7338096098343
Chemprop,polaris/pkis2-kit-wt-cls-v2,0.35848963136771334
CheMeleon,polaris/pkis2-kit-wt-cls-v2,0.7371076596000532
fastprop,polaris/pkis2-kit-wt-reg-v2,964.6530951079977
MoLFormer,polaris/pkis2-kit-wt-reg-v2,1130.4970993368051
RF,polaris/pkis2-kit-wt-cls-v2,0.6466224169932374
MoLFormer,polaris/pkis2-kit-wt-reg-v2,1085.8697279717437
minimol,tdcommons/herg,0.838438880706922
MoLFormer,tdcommons/herg,0.7799705449189985
MolCLR,tdcommons/herg,0.6702503681885125
fastprop,tdcommons/herg,0.8269513991163476
CheMeleon,tdcommons/herg,0.8593519882179677
MoLFormer,tdcommons/herg,0.7823269513991163
minimol,tdcommons/herg,0.8269513991163475
MolCLR,tdcommons/herg,0.6864506627393225
fastprop,tdcommons/herg,0.8431516936671576
minimol,tdcommons/herg,0.7998527245949927
Chemprop,tdcommons/herg,0.7094256259204713
MolCLR,tdcommons/herg,0.6749631811487482
Chemprop,tdcommons/herg,0.6955817378497791
CheMeleon,tdcommons/herg,0.8558173784977908
minimol,tdcommons/herg,0.7977908689248896
CheMeleon,tdcommons/herg,0.8793814432989691
fastprop,tdcommons/herg,0.8237113402061856
MolCLR,tdcommons/herg,0.6879234167893962
MoLFormer,tdcommons/herg,0.7761413843888071
MolCLR,tdcommons/herg,0.6346097201767306
fastprop,tdcommons/herg,0.8322533136966126
MoLFormer,tdcommons/herg,0.7564064801178204
Chemprop,tdcommons/herg,0.6793814432989691
CheMeleon,tdcommons/herg,0.880559646539028
RF,tdcommons/herg,0.8437407952871872
RF,tdcommons/herg,0.8496318114874816
MoLFormer,tdcommons/herg,0.7655375552282768
CheMeleon,tdcommons/herg,0.8602356406480118
Chemprop,tdcommons/herg,0.6941089837997054
RF,tdcommons/herg,0.8589101620029455
Chemprop,tdcommons/herg,0.7051546391752577
fastprop,tdcommons/herg,0.8496318114874816
minimol,tdcommons/herg,0.8337260677466863
RF,tdcommons/herg,0.8513991163475698
RF,tdcommons/herg,0.8558173784977908
CheMeleon,tdcommons/bioavailability-ma,0.5803126039241768
RF,tdcommons/bioavailability-ma,0.7078483538410376
MolCLR,tdcommons/bioavailability-ma,0.564682407715331
MolCLR,tdcommons/bioavailability-ma,0.5683405387429331
fastprop,tdcommons/bioavailability-ma,0.6398403724642501
MolCLR,tdcommons/bioavailability-ma,0.5969404722314599
CheMeleon,tdcommons/bioavailability-ma,0.610575324243432
fastprop,tdcommons/bioavailability-ma,0.6824077153308946
RF,tdcommons/bioavailability-ma,0.7118390422347856
RF,tdcommons/bioavailability-ma,0.7224808779514466
Chemprop,tdcommons/bioavailability-ma,0.5843032923179249
minimol,tdcommons/bioavailability-ma,0.5886265380778185
fastprop,tdcommons/bioavailability-ma,0.6198869304955105
minimol,tdcommons/bioavailability-ma,0.6757565680079815
MoLFormer,tdcommons/bioavailability-ma,0.666444961755903
MolCLR,tdcommons/bioavailability-ma,0.6584635849684071
minimol,tdcommons/bioavailability-ma,0.5078150981044229
MoLFormer,tdcommons/bioavailability-ma,0.662454273362155
Chemprop,tdcommons/bioavailability-ma,0.6218822746923844
Chemprop,tdcommons/bioavailability-ma,0.6029265048220818
MoLFormer,tdcommons/bioavailability-ma,0.730961090788161
fastprop,tdcommons/bioavailability-ma,0.6035916195543731
MoLFormer,tdcommons/bioavailability-ma,0.7316262055204523
Chemprop,tdcommons/bioavailability-ma,0.5966079148653143
CheMeleon,tdcommons/bioavailability-ma,0.5510475557033588
fastprop,tdcommons/bioavailability-ma,0.6228799467908214
minimol,tdcommons/bioavailability-ma,0.735949451280346
minimol,tdcommons/bioavailability-ma,0.6777519122048554
RF,tdcommons/bioavailability-ma,0.7080146325241103
CheMeleon,tdcommons/bioavailability-ma,0.5783172597273031
MolCLR,tdcommons/bioavailability-ma,0.6075823079481211
Chemprop,tdcommons/bioavailability-ma,0.5779847023611572
CheMeleon,tdcommons/bioavailability-ma,0.5743265713335551
MoLFormer,tdcommons/bioavailability-ma,0.6195543731293648
RF,tdcommons/bioavailability-ma,0.7196541403392085
Chemprop,polaris/pkis2-egfr-wt-reg-v2,826.4306379771456
MoLFormer,polaris/pkis2-egfr-wt-reg-v2,798.4681764690388
minimol,polaris/pkis2-egfr-wt-reg-v2,538.993475796184
minimol,polaris/pkis2-egfr-wt-reg-v2,601.8292073748356
MolCLR,polaris/pkis2-egfr-wt-reg-v2,789.1295186562164
fastprop,polaris/pkis2-egfr-wt-reg-v2,561.6864792544841
RF,polaris/pkis2-egfr-wt-reg-v2,499.17932114302454
CheMeleon,polaris/pkis2-egfr-wt-reg-v2,470.6422665049618
MoLFormer,polaris/pkis2-egfr-wt-reg-v2,700.6063972838089
Chemprop,polaris/pkis2-egfr-wt-reg-v2,738.9209915305378
fastprop,polaris/pkis2-egfr-wt-reg-v2,511.1993329038103
RF,polaris/pkis2-egfr-wt-reg-v2,513.7453826367129
CheMeleon,polaris/pkis2-egfr-wt-reg-v2,452.0344983362219
MoLFormer,polaris/pkis2-egfr-wt-reg-v2,753.2395819651505
minimol,polaris/pkis2-egfr-wt-reg-v2,545.0656000878529
RF,polaris/pkis2-egfr-wt-reg-v2,516.6841028554263
MolCLR,polaris/pkis2-egfr-wt-reg-v2,791.6648216096902
MolCLR,polaris/pkis2-egfr-wt-reg-v2,782.8599931035476
fastprop,polaris/pkis2-egfr-wt-reg-v2,510.56916627469593
minimol,polaris/pkis2-egfr-wt-reg-v2,611.164473646383
RF,polaris/pkis2-egfr-wt-reg-v2,506.141624638134
fastprop,polaris/pkis2-egfr-wt-reg-v2,574.4871100505289
MoLFormer,polaris/pkis2-egfr-wt-reg-v2,759.6894641861445
Chemprop,polaris/pkis2-egfr-wt-reg-v2,685.8908405884886
CheMeleon,polaris/pkis2-egfr-wt-reg-v2,489.6330645457561
RF,polaris/pkis2-egfr-wt-reg-v2,512.3379446619415
minimol,polaris/pkis2-egfr-wt-reg-v2,553.2456014512577
fastprop,polaris/pkis2-egfr-wt-reg-v2,585.9431030189237
Chemprop,polaris/pkis2-egfr-wt-reg-v2,705.2608432653578
CheMeleon,polaris/pkis2-egfr-wt-reg-v2,481.22461955817533
Chemprop,polaris/pkis2-egfr-wt-reg-v2,676.2029481412721
MolCLR,polaris/pkis2-egfr-wt-reg-v2,788.3116821244234
MolCLR,polaris/pkis2-egfr-wt-reg-v2,783.0160259074714
MoLFormer,polaris/pkis2-egfr-wt-reg-v2,738.8141376456437
CheMeleon,polaris/pkis2-egfr-wt-reg-v2,485.44344482812215
MoLFormer,tdcommons/dili,0.8417391304347825
CheMeleon,tdcommons/dili,0.8882608695652174
MoLFormer,tdcommons/dili,0.837391304347826
CheMeleon,tdcommons/dili,0.922608695652174
MoLFormer,tdcommons/dili,0.8617391304347826
CheMeleon,tdcommons/dili,0.8591304347826088
MoLFormer,tdcommons/dili,0.8873913043478261
CheMeleon,tdcommons/dili,0.922608695652174
MoLFormer,tdcommons/dili,0.8582608695652174
fastprop,tdcommons/dili,0.8865217391304347
MolCLR,tdcommons/dili,0.9147826086956522
RF,tdcommons/dili,0.9345652173913043
MolCLR,tdcommons/dili,0.9095652173913042
Chemprop,tdcommons/dili,0.89
fastprop,tdcommons/dili,0.8826086956521739
minimol,tdcommons/dili,0.9495652173913044
Chemprop,tdcommons/dili,0.908695652173913
RF,tdcommons/dili,0.9221739130434782
RF,tdcommons/dili,0.9247826086956521
MolCLR,tdcommons/dili,0.9113043478260869
Chemprop,tdcommons/dili,0.9178260869565218
minimol,tdcommons/dili,0.9395652173913043
fastprop,tdcommons/dili,0.8865217391304347
minimol,tdcommons/dili,0.9443478260869566
minimol,tdcommons/dili,0.9582608695652174
fastprop,tdcommons/dili,0.91
Chemprop,tdcommons/dili,0.9069565217391304
MolCLR,tdcommons/dili,0.91
RF,tdcommons/dili,0.9323913043478261
fastprop,tdcommons/dili,0.9047826086956522
RF,tdcommons/dili,0.9306521739130436
CheMeleon,tdcommons/dili,0.9147826086956522
minimol,tdcommons/dili,0.9339130434782608
MolCLR,tdcommons/dili,0.9026086956521739
Chemprop,tdcommons/dili,0.9060869565217391
RF,polaris/adme-fang-hppb-1,0.7089351588149938
fastprop,polaris/adme-fang-hppb-1,0.8466364925604364
RF,polaris/adme-fang-hppb-1,0.7209435329105299
CheMeleon,polaris/adme-fang-hppb-1,0.741039610528003
MolCLR,polaris/adme-fang-hppb-1,0.44631339435491985
Chemprop,polaris/adme-fang-hppb-1,0.5683617427244505
MolCLR,polaris/adme-fang-hppb-1,0.4084919244545512
MoLFormer,polaris/adme-fang-hppb-1,0.7230009834019818
Chemprop,polaris/adme-fang-hppb-1,0.6162349536407169
CheMeleon,polaris/adme-fang-hppb-1,0.7597979594636685
CheMeleon,polaris/adme-fang-hppb-1,0.7330177969647812
MolCLR,polaris/adme-fang-hppb-1,0.405919739637839
Chemprop,polaris/adme-fang-hppb-1,0.3305159659470481
MolCLR,polaris/adme-fang-hppb-1,0.4667612273198292
Chemprop,polaris/adme-fang-hppb-1,0.5801561461376035
MoLFormer,polaris/adme-fang-hppb-1,0.7515361678445367
MolCLR,polaris/adme-fang-hppb-1,0.32649503427363447
MoLFormer,polaris/adme-fang-hppb-1,0.752270089706317
RF,polaris/adme-fang-hppb-1,0.7293739322671601
Chemprop,polaris/adme-fang-hppb-1,0.5674755840472965
fastprop,polaris/adme-fang-hppb-1,0.7804464622490165
CheMeleon,polaris/adme-fang-hppb-1,0.7836716148643688
minimol,polaris/adme-fang-hppb-1,0.6661422888804198
minimol,polaris/adme-fang-hppb-1,0.6791886501115822
minimol,polaris/adme-fang-hppb-1,0.6633436670188378
MoLFormer,polaris/adme-fang-hppb-1,0.7174121669588354
fastprop,polaris/adme-fang-hppb-1,0.8382378122379444
CheMeleon,polaris/adme-fang-hppb-1,0.780188627983479
RF,polaris/adme-fang-hppb-1,0.7174348428164359
minimol,polaris/adme-fang-hppb-1,0.44386682988491316
fastprop,polaris/adme-fang-hppb-1,0.7989753821105372
minimol,polaris/adme-fang-hppb-1,-0.28442860431476874
fastprop,polaris/adme-fang-hppb-1,0.7853310470239419
MoLFormer,polaris/adme-fang-hppb-1,0.7249217659544267
RF,polaris/adme-fang-hppb-1,0.7154594317822847
minimol,polaris/adme-fang-rppb-1,0.637209052775691
minimol,polaris/adme-fang-rppb-1,0.14650902666632298
MolCLR,polaris/adme-fang-rppb-1,0.07182298055130634
CheMeleon,polaris/adme-fang-rppb-1,0.8182788023318975
Chemprop,polaris/adme-fang-rppb-1,0.2497028242807443
Chemprop,polaris/adme-fang-rppb-1,0.1952264782315199
MolCLR,polaris/adme-fang-rppb-1,-0.03150601159945554
MolCLR,polaris/adme-fang-rppb-1,0.06128169147140541
CheMeleon,polaris/adme-fang-rppb-1,0.7070708728807016
MoLFormer,polaris/adme-fang-rppb-1,0.6075753709346396
fastprop,polaris/adme-fang-rppb-1,0.8376174003049301
MoLFormer,polaris/adme-fang-rppb-1,0.7627019669397783
minimol,polaris/adme-fang-rppb-1,0.6570900949145635
RF,polaris/adme-fang-rppb-1,0.7765759930918072
CheMeleon,polaris/adme-fang-rppb-1,0.7926067862358107
RF,polaris/adme-fang-rppb-1,0.764522821540536
fastprop,polaris/adme-fang-rppb-1,0.8234363138787124
CheMeleon,polaris/adme-fang-rppb-1,0.8308656047669836
MoLFormer,polaris/adme-fang-rppb-1,0.7029337751855126
RF,polaris/adme-fang-rppb-1,0.7858399000946392
RF,polaris/adme-fang-rppb-1,0.7563804106828941
fastprop,polaris/adme-fang-rppb-1,0.8152480403725656
fastprop,polaris/adme-fang-rppb-1,0.7524815976915824
RF,polaris/adme-fang-rppb-1,0.7711117650252846
Chemprop,polaris/adme-fang-rppb-1,0.17836038630728374
minimol,polaris/adme-fang-rppb-1,0.0070234841225999545
fastprop,polaris/adme-fang-rppb-1,0.7482305340604205
Chemprop,polaris/adme-fang-rppb-1,0.19926490691249624
MolCLR,polaris/adme-fang-rppb-1,0.1307011598356586
MoLFormer,polaris/adme-fang-rppb-1,0.701704046637676
MoLFormer,polaris/adme-fang-rppb-1,0.7572680001809684
minimol,polaris/adme-fang-rppb-1,0.7296713412326099
CheMeleon,polaris/adme-fang-rppb-1,0.791307506847921
Chemprop,polaris/adme-fang-rppb-1,0.21629655310409587
MolCLR,polaris/adme-fang-rppb-1,0.14541521780824362
